,name,n_comps,first_comp,last_comp,years_comp,class
0,Abigail ROBINSON,9.0,2018-07-18,2023-08-10,1849 days,WOMEN B2
1,Adam PAYNE,3.0,2014-09-14,2018-09-16,1463 days,MEN NEUROLOGICAL PHYSICAL DISABILITY B
2,Adriana TOFAN,3.0,2022-07-09,2023-08-10,397 days,WOMEN B3
3,Agnes LOPEZ,1.0,2019-07-17,2019-07-17,0 days,WOMEN RP3
4,Aika YOSHIDA,4.0,2014-09-14,2019-07-17,1767 days,WOMEN NEUROLOGICAL PHYSICAL DISABILITY B
5,Albert GUARDIA FERRER,19.0,2016-07-17,2023-08-10,2580 days,MEN AL2
6,Aleksandr UKHATKIN,1.0,2021-09-17,2021-09-17,0 days,MEN AL2
7,Alessandra MAMMI,4.0,2016-06-25,2017-09-24,456 days,WOMEN B2
8,Alessandro NERI,6.0,2018-07-18,2022-06-22,1435 days,MEN RP3
9,Alessio CORNAMUSINI,21.0,2012-09-16,2023-06-24,3933 days,MEN ARTHRITIS+NEUROLOGICAL PD 1
10,Alex DOWNES,2.0,2023-06-13,2023-08-10,58 days,MEN RP1
11,Alexander DORNBUSCH,6.0,2022-05-26,2023-08-10,441 days,MEN RP1
12,Alexandra REDSHAW,1.0,2022-05-26,2022-05-26,0 days,WOMEN AU2
13,Alexandru BENCHEA,5.0,2019-07-17,2023-08-10,1485 days,MEN B1
14,Alexandru Mihai SIMION,1.0,2021-07-15,2021-07-15,0 days,MEN B3
15,Algimantas VALAITIS,2.0,2016-09-18,2018-09-16,728 days,MEN AL2
16,Alina-florina DINUTA,1.0,2022-07-09,2022-07-09,0 days,WOMEN B3
17,Allison WHITE,1.0,2019-07-17,2019-07-17,0 days,WOMEN RP2
18,Amir SABZI,2.0,2018-07-18,2019-07-17,364 days,MEN RP2
19,Amruta WYSSMANN,7.0,2022-05-26,2023-08-10,441 days,WOMEN AU2
20,Amy MULLINS,2.0,2016-09-18,2023-08-10,2517 days,WOMEN RP3
21,Anastasiia KOMAR,1.0,2021-09-17,2021-09-17,0 days,WOMEN RP1
22,Andrea SÁNCHEZ APARICIO,8.0,2021-06-24,2023-08-10,777 days,WOMEN RP1
23,Andreas BAND,6.0,2017-07-09,2019-07-17,738 days,MEN AU1
24,Andreas ENGELHARD,4.0,2014-08-29,2016-07-17,688 days,MEN NEUROLOGICAL PHYSICAL DISABILITY A
25,Andreas SUHNER,3.0,2022-06-22,2023-08-10,414 days,MEN RP3
26,Andrei-serban POPA-FLOREA,2.0,2021-06-24,2021-07-15,21 days,MEN RP2
27,Andrej HARŠÁNY,7.0,2019-07-17,2023-08-10,1485 days,MEN RP3
28,Andrey TIHOMIROV,1.0,2021-09-17,2021-09-17,0 days,MEN AL2
29,András SZIJÁRTÓ,10.0,2012-09-16,2019-07-17,2495 days,MEN ARTHRITIS+NEUROLOGICAL PD 1
30,Angela FALLEGGER,6.0,2022-06-22,2023-08-10,414 days,WOMEN RP2
31,Angelino ZELLER,13.0,2018-09-16,2023-08-10,1789 days,MEN RP1
32,Angelo Sebastian SIMIONESCU,6.0,2021-06-24,2023-06-24,730 days,MEN B1
33,Anita AGGARWAL,8.0,2017-09-24,2023-08-10,2146 days,WOMEN RP2
34,Anita CONSTANTINESCU,1.0,2019-07-17,2019-07-17,0 days,WOMEN RP3
35,Anna DEVRIES,1.0,2023-08-10,2023-08-10,0 days,WOMEN RP2
36,Anna LIPP,1.0,2019-07-17,2019-07-17,0 days,WOMEN AU2
37,Anoushé HUSAIN,2.0,2022-06-22,2023-06-13,356 days,WOMEN AU2
38,Anther FRIGOLA GÓMEZ,4.0,2022-06-22,2023-08-10,414 days,MEN RP2
39,Antonio TREVISANI,1.0,2019-07-17,2019-07-17,0 days,MEN AL1
40,Anzor GURASASHVILI,1.0,2013-09-06,2013-09-06,0 days,MEN B1
41,Araminta MCLENNAN,5.0,2022-06-22,2023-08-10,414 days,WOMEN RP1
42,Ariana PERO,2.0,2021-09-17,2022-07-09,295 days,WOMEN B2
43,Arielle RAUSIN,1.0,2021-09-17,2021-09-17,0 days,WOMEN RP1
44,Artem BONDARENKO,1.0,2021-09-17,2021-09-17,0 days,MEN B1
45,Asel TURDIMURATOVA,1.0,2021-09-17,2021-09-17,0 days,WOMEN RP3
46,Asumi KATO,1.0,2023-08-10,2023-08-10,0 days,WOMEN RP1
47,Atticus MATKIN,2.0,2021-10-11,2023-05-18,584 days,MEN RP2
48,Aurora ALBERTO,3.0,2022-06-22,2023-06-13,356 days,WOMEN RP2
49,Bastien THOMAS,11.0,2018-07-18,2023-08-10,1849 days,MEN RP2
50,Beatriz GANDARA CARNERO,1.0,2023-08-10,2023-08-10,0 days,WOMEN RP2
51,Behnam KHALAJI,8.0,2014-09-14,2021-09-17,2560 days,MEN NEUROLOGICAL PHYSICAL DISABILITY A
52,Benen PARLMER,1.0,2023-08-10,2023-08-10,0 days,MEN AU3
53,Benjamin MAYFORTH,11.0,2018-09-16,2023-08-10,1789 days,MEN RP2
54,Bill CASSON,6.0,2016-09-18,2023-08-10,2517 days,MEN B1
55,Biman BISWAS,2.0,2021-09-17,2023-08-10,692 days,MEN RP2
56,Bonnie DENIS,3.0,2014-09-14,2018-09-16,1463 days,WOMEN AL2
57,Bostian HALAS,11.0,2017-07-09,2023-06-24,2176 days,MEN RP2
58,Brayden BUTLER,6.0,2022-05-26,2023-08-10,441 days,MEN RP2
59,Brian LIEBENOW,2.0,2023-05-18,2023-08-10,84 days,MEN RP1
60,Brian ZARZUELA,8.0,2019-07-17,2023-08-10,1485 days,MEN AU2
61,Brittany Rae DAVIS,3.0,2018-09-16,2022-05-26,1348 days,WOMEN RP2
62,Cail SORIA,3.0,2023-05-18,2023-06-24,37 days,WOMEN AL2
63,Caitlin PEREIRAS,1.0,2018-09-16,2018-09-16,0 days,WOMEN AU2
64,Carlie COOK,5.0,2018-09-16,2023-08-10,1789 days,WOMEN RP2
65,Carlos QUILES,5.0,2018-09-16,2023-08-10,1789 days,MEN RP1
66,Carolin HEBERLE,3.0,2023-06-13,2023-08-10,58 days,WOMEN AU2
67,Caroline WINSTEL,4.0,2021-10-11,2023-05-18,584 days,WOMEN RP2
68,Casper RØNNINGEN,4.0,2022-06-22,2023-06-13,356 days,MEN B3
69,Cesare CUNICO,3.0,2019-07-17,2021-07-15,729 days,MEN RP3
70,Chaz MISURACA,4.0,2022-05-26,2023-08-10,441 days,MEN B3
71,Chelsea COOK,1.0,2018-09-16,2018-09-16,0 days,WOMEN B2
72,Chris OLSEN,1.0,2023-05-18,2023-05-18,0 days,MEN AL2
73,Christian HASELGRUBER,2.0,2016-07-17,2017-07-09,357 days,MEN AL1
74,Christiane LUTTIKHUIZEN,8.0,2021-06-24,2023-08-10,777 days,WOMEN RP3
75,Christoph POHLMANN,4.0,2019-07-17,2023-08-10,1485 days,MEN B2
76,Christoph ZUNDEL,5.0,2022-06-22,2023-08-10,414 days,MEN AL2
77,Colin TORPEY,3.0,2016-09-18,2021-10-11,1849 days,MEN AL2
78,Connor GEAREY,4.0,2021-10-11,2023-08-10,668 days,MEN B3
79,Corey RAMOS,1.0,2023-08-10,2023-08-10,0 days,MEN AL2
80,Corinna WIMMER,10.0,2021-06-24,2023-08-10,777 days,WOMEN AU2
81,Cosmin Florin CANDOI,9.0,2019-07-17,2023-08-10,1485 days,MEN B3
82,Danial AMIRI,2.0,2022-07-09,2023-08-10,397 days,MEN RP3
83,Daniel BAR DAVID,8.0,2013-07-13,2017-09-24,1534 days,MEN ARTHRITIS+NEUROLOGICAL PD 1
84,Daniel KONTSCH,9.0,2018-09-16,2023-08-10,1789 days,MEN RP1
85,Daniel NYGREN,4.0,2019-07-17,2021-09-17,793 days,MEN AU2
86,Daniel WIENER,9.0,2017-07-09,2023-06-24,2176 days,MEN RP3
87,Daniel-bebe-vasilică ANDREI,4.0,2023-05-18,2023-08-10,84 days,MEN B3
88,Daniil LISICHENKO,3.0,2018-09-16,2021-09-17,1097 days,MEN B1
89,Daria MAIUK,1.0,2021-09-17,2021-09-17,0 days,WOMEN RP1
90,Daria MOROZOVA,1.0,2021-09-17,2021-09-17,0 days,WOMEN RP1
91,Dave BOWES,12.0,2014-07-05,2019-07-17,1838 days,MEN NEUROLOGICAL PHYSICAL DISABILITY A
92,David KAMMERER,4.0,2023-05-18,2023-08-10,84 days,MEN AL2
93,Deborah BEVILACQUA,1.0,2021-10-11,2021-10-11,0 days,WOMEN AL2
94,Deborah LUTERNAUER,2.0,2022-06-22,2022-07-09,17 days,WOMEN RP1
95,Denise STYPULKOWSKI,2.0,2021-09-17,2021-10-11,24 days,WOMEN RP2
96,Diego KUSNIR,1.0,2022-05-26,2022-05-26,0 days,MEN B3
97,Dina EIVIK,8.0,2021-06-24,2023-08-10,777 days,WOMEN RP3
98,Dmitrii STIKHIN,1.0,2021-09-17,2021-09-17,0 days,MEN RP1
99,Doris ROHNER,6.0,2022-06-22,2023-08-10,414 days,WOMEN RP1
100,Eddie SPARKS,2.0,2019-07-17,2023-05-18,1401 days,WOMEN B2
101,Edith SCHEINECKER,13.0,2018-07-18,2023-08-10,1849 days,WOMEN B2
102,Eirik Østreng GUDBRANDSEN,1.0,2021-06-24,2021-06-24,0 days,MEN AL2
103,Eleanor RUBIN,2.0,2022-05-26,2023-08-10,441 days,WOMEN AU2
104,Eliana WALLACK,2.0,2018-09-16,2021-10-11,1121 days,WOMEN RP2
105,Elie TOESCA,1.0,2021-07-15,2021-07-15,0 days,MEN RP3
106,Elisa MARTIN,8.0,2021-07-15,2023-06-24,709 days,WOMEN RP3
107,Ellie KNEER,1.0,2023-05-18,2023-05-18,0 days,WOMEN B3
108,Elliott NGUYEN,4.0,2021-10-11,2023-08-10,668 days,MEN RP1
109,Elodie ORBAEN,9.0,2013-07-13,2018-09-16,1891 days,WOMEN ARTHRITIS+NEUROLOGICAL PD
110,Eloi VILA CULLERÉS,8.0,2019-07-17,2023-08-10,1485 days,MEN AU2
111,Emeline LAKROUT,4.0,2022-05-26,2023-08-10,441 days,WOMEN B1
112,Emily GRAY,2.0,2018-09-16,2021-10-11,1121 days,WOMEN AL-2
113,Emily MCDERMOTT,6.0,2019-07-17,2023-06-24,1438 days,WOMEN AU2
114,Emily SEELENFREUND,4.0,2021-10-11,2023-08-10,668 days,WOMEN RP2
115,Emily STEPHENSON,1.0,2018-09-16,2018-09-16,0 days,WOMEN AL-2
116,Eric LIU LIN,1.0,2023-08-10,2023-08-10,0 days,MEN AU3
117,Eris SKENDERI,1.0,2021-10-11,2021-10-11,0 days,MEN B1
118,Erwan LIEVIN,3.0,2022-07-09,2023-08-10,397 days,MEN AU2
119,Esha MEHTA,2.0,2018-09-16,2019-07-17,304 days,WOMEN B2
120,Esme HARTE,6.0,2014-07-05,2016-09-18,806 days,WOMEN AL2
121,Ethan ZILZ,4.0,2022-05-26,2023-08-10,441 days,MEN AL2
122,Eva MOL,8.0,2019-07-17,2023-08-10,1485 days,WOMEN RP2
123,Evgenii SMIRNOV,1.0,2021-09-17,2021-09-17,0 days,MEN AL2
124,Fabrizio CELENTANO,1.0,2016-06-25,2016-06-25,0 days,MEN B1
125,Fedde BENEDICTUS,5.0,2016-09-18,2019-07-17,1032 days,MEN RP1
126,Federico DI FELICE,3.0,2019-07-17,2021-07-15,729 days,MEN RP3
127,Florian SINGER,11.0,2017-07-09,2023-08-10,2223 days,MEN RP1
128,Florin Alin ANA,5.0,2017-07-09,2018-09-16,434 days,MEN B2
129,Francisco Javier AGUILAR AMOEDO,19.0,2016-06-25,2023-08-10,2602 days,MEN B1
130,Frederik LEYS,19.0,2016-07-17,2023-08-10,2580 days,MEN AL2
131,Friederike TAUTZ,2.0,2016-07-17,2017-07-09,357 days,WOMEN RP1
132,Fumiya HAMANOUE,8.0,2018-09-16,2023-08-10,1789 days,MEN B2
133,Gabriele FRÖHLICH,2.0,2014-07-05,2017-07-09,1100 days,WOMEN B2
134,Gabriele SCORSOLINI,5.0,2017-07-09,2019-07-17,738 days,MEN B1
135,Gavin NIX,4.0,2023-05-18,2023-08-10,84 days,MEN AL2
136,Gian Matteo RAMINI,15.0,2017-07-09,2023-08-10,2223 days,MEN RP1
137,Giorgi LIPARTELIANI,1.0,2015-06-28,2015-06-28,0 days,MEN B2
138,Giulia POGGIOLI,7.0,2012-09-16,2016-06-25,1378 days,WOMEN VISUAL IMPAIRMENT
139,Giulio CEVENINI,12.0,2013-09-06,2021-06-24,2848 days,MEN B2
140,Giuseppe LOMAGISTRO,4.0,2019-07-17,2023-06-13,1427 days,MEN AL1
141,Gregor SELAK,12.0,2016-07-17,2021-09-17,1888 days,MEN RP3
142,Guillermo PELEGRÍN GÓMEZ,10.0,2021-06-24,2023-08-10,777 days,MEN B2
143,Günther GRAUSAM,12.0,2011-07-18,2017-09-24,2260 days,MEN AL2
144,Hannah BALDWIN,8.0,2016-09-25,2019-07-17,1025 days,WOMEN RP3
145,Hannah MCFADDEN,7.0,2021-10-11,2023-06-24,621 days,WOMEN AL2
146,Hannah ZOOK,8.0,2021-10-11,2023-08-10,668 days,WOMEN RP2
147,Hanne VADSETH,1.0,2023-06-13,2023-06-13,0 days,WOMEN B3
148,Hans Ewald GRILL,2.0,2017-07-09,2018-09-16,434 days,MEN B2
149,Hassan MIRZAHOSSEINI,5.0,2014-09-14,2019-07-17,1767 days,MEN AL2
150,Helena Grace MILLER,1.0,2022-05-26,2022-05-26,0 days,WOMEN AU2
151,Hideyuki OUCHI,5.0,2018-09-16,2022-07-09,1392 days,MEN RP1
152,Hiromi AOKI,4.0,2014-09-14,2023-08-10,3252 days,WOMEN B2
153,Iben Kongsvik PAULSEN,6.0,2021-06-24,2023-06-13,719 days,WOMEN B3
154,Ignacio MARTINEZ,2.0,2023-05-18,2023-08-10,84 days,MEN RP3
155,Ilgam MAKHMUTOV,2.0,2018-09-16,2021-09-17,1097 days,MEN AU2
156,Iman EDRISI,2.0,2021-07-15,2021-09-17,64 days,MEN RP3
157,Ionela GRECU,7.0,2021-06-24,2023-06-13,719 days,WOMEN B3
158,Isabel BENVENUTI,2.0,2023-05-18,2023-08-10,84 days,WOMEN AU2
159,Isabella WALSH,13.0,2016-07-17,2023-08-10,2580 days,WOMEN AU2
160,Isak RIPMAN,6.0,2021-06-24,2023-08-10,777 days,MEN RP2
161,Ismael Ewan SÁNCHEZ MCILROY,10.0,2016-07-17,2023-06-13,2522 days,MEN AU1
162,Ivon LAWERENZ,4.0,2023-05-18,2023-08-10,84 days,WOMEN B3
163,Iván GERMÁN PASCUAL,12.0,2016-06-25,2022-07-09,2205 days,MEN AL2
164,Iván MUÑOZ ESCOLAR,6.0,2022-06-22,2023-08-10,414 days,MEN RP2
165,Jacqueline FRITZ,9.0,2018-09-16,2022-07-09,1392 days,WOMEN AL-2
166,Jadwiga GĄSIENICA-CHMIEL,1.0,2023-06-13,2023-06-13,0 days,WOMEN RP3
167,Jake SANCHEZ,4.0,2018-09-16,2021-10-11,1121 days,MEN AL2
168,James FOUNTAIN,2.0,2022-05-26,2022-07-09,44 days,MEN RP2
169,James RUDGE,7.0,2019-07-17,2023-08-10,1485 days,MEN AU2
170,James SCHERI,2.0,2016-09-18,2016-09-25,7 days,MEN AL2
171,Jamie BARENDRECHT,6.0,2021-06-24,2023-08-10,777 days,MEN RP3
172,Jana FÜHRER,1.0,2022-06-22,2022-06-22,0 days,WOMEN B3
173,Jared LENAHAN,6.0,2018-09-16,2022-07-09,1392 days,MEN RP2
174,Jasmin PLANK,16.0,2017-07-09,2023-08-10,2223 days,WOMEN RP3
175,Jasmine RASKAS,2.0,2016-09-18,2018-09-16,728 days,WOMEN RP3
176,Jeremy RITCHIE,5.0,2021-10-11,2023-06-24,621 days,MEN AL2
177,Jesse DUFTON,6.0,2018-07-18,2023-08-10,1849 days,MEN B1
178,Jessica SPORTE,3.0,2016-09-18,2019-07-17,1032 days,WOMEN AL-2
179,Jessie BAYIARTAKIS,1.0,2023-08-10,2023-08-10,0 days,WOMEN AL2
180,Jillian BUKOSKI,2.0,2016-09-18,2018-09-16,728 days,WOMEN RP3
181,Jillian YATSKO,1.0,2017-09-24,2017-09-24,0 days,WOMEN RP3
182,Joanna NEWTON,8.0,2018-07-18,2023-08-10,1849 days,WOMEN RP3
183,Joanna WATERTON,4.0,2016-09-25,2017-10-08,378 days,WOMEN AL-2
184,John CHURCHER,15.0,2013-09-22,2018-09-16,1820 days,MEN B2
185,John FREELAND,1.0,2022-05-26,2022-05-26,0 days,MEN AL2
186,Jonathan SHIELDS,2.0,2023-06-13,2023-08-10,58 days,MEN AL2
187,Jorge MACIAS,2.0,2022-05-26,2023-08-10,441 days,MEN AL1
188,Josh SENIOR,7.0,2017-07-09,2019-07-17,738 days,MEN AL2
189,Joshua UNTERMAN,1.0,2021-10-11,2021-10-11,0 days,MEN RP1
190,Juan Antonio BELLIDO RAMOS,8.0,2012-09-16,2016-09-18,1463 days,MEN ARTHRITIS+NEUROLOGICAL PD 1
191,Juan Pipo GIL BLANCO,12.0,2013-07-13,2018-09-16,1891 days,MEN ARTHRITIS+NEUROLOGICAL PD 1
192,Julien GASC,13.0,2016-06-25,2023-08-10,2602 days,MEN AL2
193,Justen PROCTOR,4.0,2019-07-17,2022-06-22,1071 days,MEN B1
194,Justin SALAS,4.0,2017-09-24,2023-05-18,2062 days,MEN B2
195,Júlia CASTELLÓ FARRÉ,1.0,2023-08-10,2023-08-10,0 days,WOMEN RP1
196,Kai JOHNSON,1.0,2019-07-17,2019-07-17,0 days,MEN RP2
197,Kaitlin HEATHERLY,2.0,2018-09-16,2019-07-17,304 days,WOMEN AU2
198,Kara PARKER,1.0,2023-08-10,2023-08-10,0 days,WOMEN AL2
199,Kate SAWFORD,4.0,2014-09-14,2018-09-16,1463 days,WOMEN AL2
200,Katharina RITT,3.0,2021-06-24,2021-10-11,109 days,WOMEN RP3
201,Katie COMBALUZIER,1.0,2023-05-18,2023-05-18,0 days,WOMEN RP1
202,Kazuhiro MINOWADA,5.0,2014-09-14,2023-08-10,3252 days,MEN B3
203,Keith LYNCH,3.0,2017-07-09,2017-10-08,91 days,MEN AL2
204,Keith WARRICK,2.0,2018-09-16,2019-07-17,304 days,MEN RP2
205,Kenzhegul SEITZHAN,2.0,2016-09-18,2019-07-17,1032 days,MEN B2
206,Kevin BARTKE,13.0,2017-07-09,2023-08-10,2223 days,MEN AU2
207,Kevin CHAO,2.0,2023-05-18,2023-08-10,84 days,MEN B1
208,Kjersti SYVERTSEN,1.0,2023-06-13,2023-06-13,0 days,WOMEN RP2
209,Koichiro KOBAYASHI,8.0,2011-07-18,2021-10-11,3738 days,MEN B2
210,Korbinian FRANCK,16.0,2015-06-28,2022-07-09,2568 days,MEN NEUROLOGICAL PHYSICAL DISABILITY A
211,Kyle LONG,3.0,2019-07-17,2023-06-24,1438 days,MEN AL2
212,Laura NESCIOBELLI,1.0,2023-08-10,2023-08-10,0 days,WOMEN RP3
213,Lauren PINE,2.0,2019-07-17,2021-10-11,817 days,WOMEN RP2
214,Lauren ROUSE,1.0,2022-05-26,2022-05-26,0 days,WOMEN RP3
215,Laurence MORGAN,5.0,2021-09-17,2023-08-10,692 days,MEN RP1
216,Leanora VOLPE,4.0,2019-07-17,2022-07-09,1088 days,WOMEN RP2
217,Leonardo VILHA DE OLIVEIRA SOFKA,1.0,2023-08-10,2023-08-10,0 days,MEN AU3
218,Leorenz CAPILI,2.0,2021-09-17,2021-10-11,24 days,MEN RP2
219,Lindsay PURCELL,6.0,2022-05-26,2023-08-10,441 days,WOMEN RP3
220,Liviu - Nicolae MATEI,6.0,2021-09-17,2023-08-10,692 days,MEN RP3
221,Lorenzo MAJOR,9.0,2012-09-16,2018-09-16,2191 days,MEN ARTHRITIS+NEUROLOGICAL PD 1
222,Louis Gabriel PEREZ,5.0,2012-09-16,2017-10-08,1848 days,MEN ARTHRITIS+NEUROLOGICAL PD 1
223,Lucia CAPOVILLA,16.0,2015-06-28,2023-08-10,2965 days,WOMEN AU2
224,Luciano FRAZÃO DA SILVA,1.0,2023-08-10,2023-08-10,0 days,MEN AL2
225,Lucie JARRIGE,16.0,2016-09-18,2023-08-10,2517 days,WOMEN AL-2
226,Lucy KEYWORTH,3.0,2023-06-13,2023-08-10,58 days,WOMEN RP1
227,Lucía MARTÍNEZ ALARMA,1.0,2023-08-10,2023-08-10,0 days,WOMEN AL2
228,Luke JAMIESON,4.0,2023-05-18,2023-08-10,84 days,MEN RP1
229,Luke MCGRAW,1.0,2023-05-18,2023-05-18,0 days,MEN B3
230,Luke SMITH,3.0,2019-07-17,2023-08-10,1485 days,MEN RP3
231,Lux LOSEY SAIL,4.0,2019-07-17,2023-08-10,1485 days,MEN B3
232,Madisyn TAUTE,3.0,2021-10-11,2022-06-22,254 days,WOMEN RP3
233,Maksim MAIOROV,3.0,2018-09-16,2021-09-17,1097 days,MEN AU2
234,Manasi DESHPANDE,1.0,2019-07-17,2019-07-17,0 days,WOMEN RP2
235,Manca SMREKAR,8.0,2021-06-24,2023-08-10,777 days,WOMEN RP3
236,Mandi CURTIS,2.0,2018-09-16,2023-08-10,1789 days,WOMEN B2
237,Manikandan KUMAR,25.0,2012-09-16,2023-08-10,3980 days,MEN ARTHRITIS+NEUROLOGICAL PD 1
238,Marc OLLER ASTORT,1.0,2017-07-26,2017-07-26,0 days,MEN B2
239,Marc PUIG MUÑOZ,2.0,2019-07-17,2021-06-24,708 days,MEN RP3
240,Marcel RICHTER,5.0,2016-07-17,2023-08-10,2580 days,MEN AU2
241,Marco GALLI,5.0,2022-06-22,2023-08-10,414 days,MEN AU2
242,Marco REINHARDT,1.0,2021-06-24,2021-06-24,0 days,MEN AL2
243,Marina DIAS,6.0,2022-05-26,2023-08-10,441 days,WOMEN RP3
244,Mario PERSING,10.0,2021-06-24,2023-08-10,777 days,MEN RP1
245,Mark ALTMANN,1.0,2019-07-17,2019-07-17,0 days,MEN AU2
246,Markus HOFBAUER,1.0,2018-09-16,2018-09-16,0 days,MEN AU2
247,Markus PÖSENDORFER,9.0,2021-06-24,2023-08-10,777 days,MEN RP1
248,Marlene PRAT,3.0,2018-07-18,2019-07-17,364 days,WOMEN RP2
249,Marta PECHE SALINERO,11.0,2019-07-17,2023-08-10,1485 days,WOMEN RP2
250,Martha EVANS,7.0,2019-07-17,2023-08-10,1485 days,WOMEN RP3
251,Martin HEALD,10.0,2016-06-25,2023-08-10,2602 days,MEN AL2
252,Martin VILLIGER,4.0,2022-06-22,2023-08-10,414 days,MEN AL2
253,Martina PELLANDRA,7.0,2013-09-06,2022-07-09,3228 days,WOMEN B2
254,Mary TANKERSLEY,4.0,2023-05-18,2023-08-10,84 days,WOMEN AL2
255,María CABEZAS RAMOS,1.0,2023-08-10,2023-08-10,0 days,WOMEN AU2
256,Masahito MAEOKA,3.0,2012-09-16,2018-09-16,2191 days,MEN B1
257,Masako WATANABE,6.0,2021-09-17,2023-08-10,692 days,WOMEN RP3
258,Matan BERMAN,10.0,2012-09-16,2018-09-16,2191 days,MEN AL2
259,Matej ARH,10.0,2019-07-17,2023-08-10,1485 days,MEN RP2
260,Mathieu BARBE,6.0,2014-07-05,2016-09-18,806 days,MEN B2
261,Mathieu BESNARD,17.0,2012-09-16,2021-09-17,3288 days,MEN ARTHRITIS+NEUROLOGICAL PD 1
262,Matteo STEFANI,14.0,2011-07-18,2018-09-16,2617 days,MEN B1
263,Matthew LYNCH,9.0,2019-07-17,2023-08-10,1485 days,MEN AU2
264,Matthew PHILLIPS,8.0,2016-07-17,2021-09-17,1888 days,MEN AU2
265,Matthew STYLES-WEST,1.0,2023-08-10,2023-08-10,0 days,MEN AU3
266,Matthias BÄRTSCHI,3.0,2023-06-13,2023-08-10,58 days,MEN RP3
267,Maureen BECK,12.0,2014-09-14,2023-08-10,3252 days,WOMEN AU2
268,Meaghan CUSACK,3.0,2021-10-11,2023-05-18,584 days,WOMEN AL2
269,Mees VOOIJS,2.0,2018-09-16,2019-07-17,304 days,MEN AU2
270,Mehdi PAHNAVAR,1.0,2019-07-17,2019-07-17,0 days,MEN RP3
271,Melinda VIGH,9.0,2016-07-17,2021-06-24,1803 days,WOMEN AU2
272,Melissa CESARONE,5.0,2021-07-15,2023-08-10,756 days,WOMEN B3
273,Melissa RUIZ,10.0,2019-07-17,2023-08-10,1485 days,WOMEN RP2
274,Merab DUKASHVILI,1.0,2015-06-28,2015-06-28,0 days,MEN AL1
275,Micah WINKLE,2.0,2021-09-17,2021-10-11,24 days,MEN RP3
276,Michael CLEVERDON,5.0,2017-07-26,2019-07-17,721 days,MEN RP3
277,Michael FÜCHSLE,12.0,2015-06-28,2019-07-17,1480 days,MEN NEUROLOGICAL PHYSICAL DISABILITY A
278,Michael SPIEZER,1.0,2019-07-17,2019-07-17,0 days,MEN RP3
279,Michael TARULLI,1.0,2023-08-10,2023-08-10,0 days,MEN RP2
280,Michele MAGGIONI,2.0,2017-07-09,2017-07-26,17 days,MEN AL2
281,Michelle CORTI,1.0,2021-07-15,2021-07-15,0 days,WOMEN B3
282,Mika MAEOKA,3.0,2012-09-16,2023-08-10,3980 days,WOMEN VISUAL IMPAIRMENT
283,Mikhail SAPAROV,4.0,2011-07-18,2021-09-17,3714 days,MEN AU2
284,Miranda SCOTT,2.0,2022-05-26,2023-05-18,357 days,WOMEN RP3
285,Mohsen POURGHASEM OMANDANI,1.0,2014-09-14,2014-09-14,0 days,MEN NEUROLOGICAL PHYSICAL DISABILITY A
286,Molly FERRIS,4.0,2016-09-18,2023-05-18,2433 days,WOMEN AU2
287,Momoko YOSHIDA,2.0,2018-09-16,2019-07-17,304 days,WOMEN RP3
288,Monica RAAVIG,4.0,2022-06-22,2023-08-10,414 days,WOMEN AU2
289,Monika BUZAS,1.0,2021-09-17,2021-09-17,0 days,WOMEN B2
290,Mor Michael SAPIR,18.0,2016-07-17,2023-08-10,2580 days,MEN AU2
291,Morgan LOOMIS,1.0,2023-05-18,2023-05-18,0 days,WOMEN AL2
292,Motohiro EJIRI,3.0,2019-07-17,2023-08-10,1485 days,MEN B3
293,Murali -,1.0,2021-09-17,2021-09-17,0 days,MEN B1
294,Nadia BREDICE,11.0,2019-07-17,2023-08-10,1485 days,WOMEN B2
295,Naohisa HATAKEYAMA,3.0,2022-06-22,2023-08-10,414 days,MEN AL1
296,Nat VOREL,3.0,2022-05-26,2023-08-10,441 days,WOMEN RP3
297,Nathaniel WOOGEN,1.0,2016-09-18,2016-09-18,0 days,MEN RP2
298,Nicholas PERRETH,9.0,2018-07-18,2023-08-10,1849 days,MEN AL2
299,Nicolas MOINEAU,11.0,2012-09-16,2018-07-18,2131 days,MEN B1
300,Nicole DIEHL,4.0,2022-06-22,2023-08-10,414 days,WOMEN RP2
301,Nikita KHAVER,1.0,2021-09-17,2021-09-17,0 days,MEN B1
302,Nikolaj NIEBUHR,1.0,2016-06-25,2016-06-25,0 days,MEN RP2
303,Nils HELSPER,16.0,2015-06-28,2023-08-10,2965 days,MEN NEUROLOGICAL PHYSICAL DISABILITY A
304,Nimrod MUGZACH,6.0,2016-07-17,2018-09-16,791 days,MEN RP2
305,Nive PORAT,4.0,2016-07-17,2018-09-16,791 days,MEN RP2
306,Nobuhiro YASURAOKA,2.0,2021-09-17,2023-08-10,692 days,MEN RP3
307,Olivia CONFORTI,4.0,2023-05-18,2023-08-10,84 days,WOMEN RP1
308,Omar AL KHATIB,12.0,2017-07-09,2023-06-24,2176 days,MEN AL2
309,Oriane MORENO,9.0,2013-07-13,2016-09-18,1163 days,WOMEN ARTHRITIS+NEUROLOGICAL PD
310,Oxana OSADCHAYA,1.0,2021-09-17,2021-09-17,0 days,WOMEN B2
311,Pablo BLANCO BARRIOS,5.0,2012-09-16,2018-09-16,2191 days,MEN ARTHRITIS+NEUROLOGICAL PD 1
312,Paula DE LA CALLE PIZARRO,6.0,2011-07-18,2023-08-10,4406 days,WOMEN AU2
313,Pavitra VANDENHOVEN,10.0,2017-09-24,2023-08-10,2146 days,WOMEN RP2
314,Peter KUNZE,7.0,2017-07-09,2023-06-24,2176 days,MEN RP3
315,Peter TRAMM,2.0,2023-06-13,2023-08-10,58 days,MEN AU2
316,Philipp HROZEK,10.0,2018-07-18,2023-08-10,1849 days,MEN RP2
317,Phillip KAMINSKI,3.0,2016-09-18,2018-09-16,728 days,MEN AL2
318,Phillip MITCHELL,9.0,2014-09-14,2017-09-24,1106 days,MEN AL2
319,Phoebe BARKAN,1.0,2023-05-18,2023-05-18,0 days,WOMEN B3
320,Phuong Anh HUA,1.0,2022-05-26,2022-05-26,0 days,WOMEN RP1
321,Pietro AZZOLINI,3.0,2023-05-18,2023-06-24,37 days,MEN RP3
322,Rachel MAIA,7.0,2018-09-16,2023-08-10,1789 days,WOMEN RP2
323,Radu-pintea HOJDA,2.0,2021-06-24,2021-07-15,21 days,MEN RP3
324,Raphael NISHIMURA,2.0,2012-09-16,2014-09-14,728 days,MEN ARTHRITIS+NEUROLOGICAL PD 1
325,Raul SIMON FRANCO,18.0,2015-07-11,2023-08-10,2952 days,MEN B2
326,Raveena ALLI,2.0,2022-05-26,2023-08-10,441 days,WOMEN B1
327,Razvan NEDU,17.0,2016-09-18,2023-08-10,2517 days,MEN B2
328,Rebecca LEVENBERG,1.0,2018-09-16,2018-09-16,0 days,WOMEN AL-2
329,Renske NUGTER,7.0,2012-09-16,2019-07-17,2495 days,WOMEN PHYSICAL DISABILITY
330,Ria GRINDEL,4.0,2022-06-22,2023-08-10,414 days,WOMEN RP3
331,Ricardo PÉREZ AMADO,4.0,2011-07-18,2015-10-04,1539 days,MEN B3
332,Richard SLOCOCK,9.0,2018-07-18,2023-08-10,1849 days,MEN B2
333,Robert Andrei AL-RADI,3.0,2021-07-15,2022-07-09,359 days,MEN B3
334,Roland KÖCHL,3.0,2017-07-09,2021-06-24,1446 days,MEN B2
335,Romain PAGNOUX,5.0,2016-09-18,2021-09-17,1825 days,MEN RP3
336,Roman KOSTIAKOV,2.0,2011-07-18,2018-09-16,2617 days,MEN B1
337,Ronald DICKSON,5.0,2012-09-16,2023-05-18,3896 days,MEN AL2
338,Rosalie SCHAUPERT,7.0,2022-05-26,2023-08-10,441 days,WOMEN RP3
339,Roxane HEILI,16.0,2012-09-16,2023-06-24,3933 days,WOMEN VISUAL IMPAIRMENT
340,Roy LEMKE,6.0,2016-09-18,2019-07-17,1032 days,MEN RP2
341,Russell HARRISON,1.0,2019-07-17,2019-07-17,0 days,MEN RP2
342,Ryan JUGUAN,2.0,2018-09-16,2019-07-17,304 days,MEN RP2
343,Ryota HIRAI,1.0,2023-08-10,2023-08-10,0 days,MEN AL1
344,Sabine LADEL,4.0,2017-07-26,2018-07-18,357 days,WOMEN B3
345,Sandra POLLAK,7.0,2017-07-09,2022-06-22,1809 days,WOMEN RP2
346,Sarah BELANGER,2.0,2022-05-26,2022-06-22,27 days,WOMEN RP3
347,Sarah LARCOMBE,7.0,2022-05-26,2023-08-10,441 days,WOMEN AL2
348,Savannah SHANTON,1.0,2018-09-16,2018-09-16,0 days,WOMEN AL-2
349,Scott BAIRD,1.0,2018-09-16,2018-09-16,0 days,MEN RP3
350,Scott BLACKBURN,1.0,2018-09-16,2018-09-16,0 days,MEN RP3
351,Sebastian DEPKE,13.0,2017-07-26,2023-08-10,2206 days,MEN RP1
352,Sebastian HORN,3.0,2022-06-22,2023-08-10,414 days,MEN RP1
353,Sebastian MENZE,7.0,2021-06-24,2023-08-10,777 days,MEN AL2
354,Sebastian MUSSON,2.0,2023-06-13,2023-08-10,58 days,MEN AU2
355,Sebastian SCHMITZ,5.0,2022-07-09,2023-08-10,397 days,MEN B3
356,Seneida BIENDARRA,2.0,2023-05-18,2023-08-10,84 days,WOMEN B3
357,Serge LAURENCIN,11.0,2013-07-13,2023-06-24,3633 days,MEN ARTHRITIS+NEUROLOGICAL PD 1
358,Sergei IANKIN,1.0,2021-09-17,2021-09-17,0 days,MEN RP3
359,Sergei SHARAPOV,1.0,2021-09-17,2021-09-17,0 days,MEN B3
360,Sergey PYNKA,1.0,2012-09-16,2012-09-16,0 days,MEN ARTHRITIS+NEUROLOGICAL PD 1
361,Sergio ASENSIO RUÍZ,2.0,2019-07-17,2021-06-24,708 days,MEN RP3
362,Shamus BOULIANNE,6.0,2021-10-11,2023-08-10,668 days,MEN RP3
363,Shawn STURGIS,1.0,2016-09-18,2016-09-18,0 days,MEN B1
364,Sheila RACAJ FERRON,3.0,2022-06-22,2023-06-13,356 days,WOMEN RP3
365,Sho AITA,11.0,2012-09-16,2023-08-10,3980 days,MEN B2
366,Shuhei YUKI,6.0,2019-07-17,2023-08-10,1485 days,MEN AL2
367,Sianagh GALLAGHER,11.0,2013-07-13,2016-07-17,1100 days,WOMEN ARTHRITIS+NEUROLOGICAL PD
368,Simon TAUDES,1.0,2017-07-09,2017-07-09,0 days,MEN RP1
369,Simone SALVAGNIN,22.0,2011-07-18,2023-08-10,4406 days,MEN B2
370,Sirlene GARBACCIO BOGIN,3.0,2014-08-29,2016-07-17,688 days,WOMEN AU2
371,Solenne PIRET,13.0,2018-07-18,2023-08-10,1849 days,WOMEN RP2
372,Solveig GRAVDAL,1.0,2022-06-22,2022-06-22,0 days,WOMEN AU2
373,Stephen SATTEL,1.0,2022-05-26,2022-05-26,0 days,MEN RP3
374,Steven HINSON,3.0,2019-07-17,2021-10-11,817 days,MEN AL2
375,Stuart SNEDDON,5.0,2019-07-17,2023-08-10,1485 days,MEN AL2
376,Sujatha MANCHIPATTANA KRISHNEGOWDA,1.0,2021-09-17,2021-09-17,0 days,WOMEN B2
377,Sulivan THUER,3.0,2023-05-18,2023-08-10,84 days,MEN AL1
378,Sunita DHONDAPPANAVAR,2.0,2021-09-17,2023-08-10,692 days,WOMEN B3
379,Sunny YANG,7.0,2019-07-17,2023-08-10,1485 days,MEN RP1
380,Tadashi TAKANO,4.0,2019-07-17,2023-08-10,1485 days,MEN RP3
381,Takehiko OTANI,2.0,2022-06-22,2023-08-10,414 days,MEN AU1
382,Takuya OKADA,6.0,2021-09-17,2023-08-10,692 days,MEN RP2
383,Tanja GLUSIC,25.0,2013-09-06,2023-08-10,3625 days,WOMEN B2
384,Tanner CISLAW,7.0,2019-07-17,2023-08-10,1485 days,MEN AL1
385,Tanner JONES,1.0,2022-05-26,2022-05-26,0 days,MEN AL2
386,Tatiana CRENSHAW,2.0,2018-09-16,2019-07-17,304 days,WOMEN RP3
387,Terry HODDINOTT,1.0,2023-05-18,2023-05-18,0 days,MEN B1
388,Thierry DELARUE,9.0,2018-07-18,2023-08-10,1849 days,MEN AL2
389,Thomas MEIER,18.0,2012-09-16,2023-06-24,3933 days,MEN AL2
390,Tim SCHAFFRINNA,11.0,2019-07-17,2023-08-10,1485 days,MEN RP1
391,Timur ABDURASHITOV,1.0,2021-09-17,2021-09-17,0 days,MEN RP3
392,Tiziana PAOLINI,9.0,2014-08-29,2019-07-17,1783 days,WOMEN NEUROLOGICAL PHYSICAL DISABILITY A
393,Tomoyuki OTSUKI,1.0,2014-09-14,2014-09-14,0 days,MEN AL2
394,Trevor SMITH,3.0,2018-09-16,2022-05-26,1348 days,MEN AU2
395,Tânia CHAVES,8.0,2019-07-17,2023-08-10,1485 days,WOMEN AL-2
396,Urko CARMONA BARANDIARAN,29.0,2011-07-18,2023-08-10,4406 days,MEN AL2
397,Valentin-laurentiu MOISE,5.0,2021-06-24,2022-07-09,380 days,MEN B2
398,Vasile-valentin ANDRIES,1.0,2021-09-17,2021-09-17,0 days,MEN B2
399,Vasiliy RAGOZIN,1.0,2021-09-17,2021-09-17,0 days,MEN AU2
400,Vladimir NETSVETAEV-DOLGALEV,2.0,2014-08-29,2016-09-18,751 days,MEN NEUROLOGICAL PHYSICAL DISABILITY A
401,Vladimir PYZIN,1.0,2021-09-17,2021-09-17,0 days,MEN AL2
402,Wasif SHAMS,4.0,2022-05-26,2023-05-18,357 days,MEN RP2
403,Wendy ONG,2.0,2014-09-14,2016-09-18,735 days,WOMEN NEUROLOGICAL PHYSICAL DISABILITY A
404,Whiteny PESEK,1.0,2018-09-16,2018-09-16,0 days,WOMEN B2
405,William LOWARY,2.0,2014-09-14,2018-09-16,1463 days,MEN B1
406,Yaniv AGA,2.0,2018-09-16,2019-07-17,304 days,MEN RP3
407,Yasunori YAMAZAKI,1.0,2017-10-08,2017-10-08,0 days,MEN B2
408,Yulduz MAKHMUDOVA,1.0,2021-09-17,2021-09-17,0 days,WOMEN RP3
409,Yumi EJIRI,4.0,2018-09-16,2023-08-10,1789 days,WOMEN B2
410,Yuri STAROVOYTOV,3.0,2015-06-28,2016-09-18,448 days,MEN NEUROLOGICAL PHYSICAL DISABILITY B
411,Yuto KAWAI,1.0,2016-09-18,2016-09-18,0 days,MEN B1
